insert into FOOD (ID, NAME) values (1, 'Банан');
insert into FOOD (ID, NAME) values (2, 'Вода');
insert into FOOD (ID, NAME) values (3, 'Зерно');
insert into FOOD (ID, NAME) values (4, 'Капуста');
insert into FOOD (ID, NAME) values (5, 'Морковь');
insert into FOOD (ID, NAME) values (6, 'Мясо');
insert into FOOD (ID, NAME) values (7, 'Яблоко');

insert into MEASUREMENT_UNIT (ID, NAME) values (1, 'кг');
insert into MEASUREMENT_UNIT (ID, NAME) values (2, 'л');
insert into MEASUREMENT_UNIT (ID, NAME) values (3, 'шт');

insert into FOOD_POT (ID, FK_FOOD, FK_MEASUREMENT_UNIT, STORED_AMOUNT) values (1, 1, 3, 43);
insert into FOOD_POT (ID, FK_FOOD, FK_MEASUREMENT_UNIT, STORED_AMOUNT) values (2, 2, 2, 945);
insert into FOOD_POT (ID, FK_FOOD, FK_MEASUREMENT_UNIT, STORED_AMOUNT) values (3, 3, 1, 3482);
insert into FOOD_POT (ID, FK_FOOD, FK_MEASUREMENT_UNIT, STORED_AMOUNT) values (4, 4, 3, 167);
insert into FOOD_POT (ID, FK_FOOD, FK_MEASUREMENT_UNIT, STORED_AMOUNT) values (5, 5, 3, 145);
insert into FOOD_POT (ID, FK_FOOD, FK_MEASUREMENT_UNIT, STORED_AMOUNT) values (6, 6, 1, 117);
insert into FOOD_POT (ID, FK_FOOD, FK_MEASUREMENT_UNIT, STORED_AMOUNT) values (7, 7, 3, 0);

--insert into FOOD_FOOD_POTS (FOOD_ID, FOOD_POTS_ID) values (1, 1);
--insert into FOOD_FOOD_POTS (FOOD_ID, FOOD_POTS_ID) values (2, 2);
--insert into FOOD_FOOD_POTS (FOOD_ID, FOOD_POTS_ID) values (3, 3);
--insert into FOOD_FOOD_POTS (FOOD_ID, FOOD_POTS_ID) values (4, 4);
--insert into FOOD_FOOD_POTS (FOOD_ID, FOOD_POTS_ID) values (5, 5);
--insert into FOOD_FOOD_POTS (FOOD_ID, FOOD_POTS_ID) values (6, 6);
--insert into FOOD_FOOD_POTS (FOOD_ID, FOOD_POTS_ID) values (7, 7);

insert into ANIMAL (ID, NAME) values (1, 'Заяц');
insert into ANIMAL (ID, NAME) values (2, 'Лошадь');
insert into ANIMAL (ID, NAME) values (3, 'Обезьяна');
insert into ANIMAL (ID, NAME) values (4, 'Орёл');
insert into ANIMAL (ID, NAME) values (5, 'Тигр');

insert into FOOD_CONSUMPTION (ID, FK_ANIMAL, FK_FOOD, FK_MEASUREMENT_UNIT, CONSUMPTION_AMOUNT) values (1, 1, 2, 2, 10);
insert into FOOD_CONSUMPTION (ID, FK_ANIMAL, FK_FOOD, FK_MEASUREMENT_UNIT, CONSUMPTION_AMOUNT) values (2, 1, 4, 3, 3);
insert into FOOD_CONSUMPTION (ID, FK_ANIMAL, FK_FOOD, FK_MEASUREMENT_UNIT, CONSUMPTION_AMOUNT) values (3, 1, 5, 3, 8);
insert into FOOD_CONSUMPTION (ID, FK_ANIMAL, FK_FOOD, FK_MEASUREMENT_UNIT, CONSUMPTION_AMOUNT) values (4, 2, 2, 2, 16);
insert into FOOD_CONSUMPTION (ID, FK_ANIMAL, FK_FOOD, FK_MEASUREMENT_UNIT, CONSUMPTION_AMOUNT) values (5, 2, 3, 1, 15);
insert into FOOD_CONSUMPTION (ID, FK_ANIMAL, FK_FOOD, FK_MEASUREMENT_UNIT, CONSUMPTION_AMOUNT) values (6, 2, 5, 3, 6);
insert into FOOD_CONSUMPTION (ID, FK_ANIMAL, FK_FOOD, FK_MEASUREMENT_UNIT, CONSUMPTION_AMOUNT) values (7, 2, 7, 3, 13);
insert into FOOD_CONSUMPTION (ID, FK_ANIMAL, FK_FOOD, FK_MEASUREMENT_UNIT, CONSUMPTION_AMOUNT) values (8, 3, 2, 2, 2);
insert into FOOD_CONSUMPTION (ID, FK_ANIMAL, FK_FOOD, FK_MEASUREMENT_UNIT, CONSUMPTION_AMOUNT) values (9, 3, 1, 3, 14);
insert into FOOD_CONSUMPTION (ID, FK_ANIMAL, FK_FOOD, FK_MEASUREMENT_UNIT, CONSUMPTION_AMOUNT) values (10, 3, 7, 3, 11);
insert into FOOD_CONSUMPTION (ID, FK_ANIMAL, FK_FOOD, FK_MEASUREMENT_UNIT, CONSUMPTION_AMOUNT) values (11, 4, 2, 2, 9);
insert into FOOD_CONSUMPTION (ID, FK_ANIMAL, FK_FOOD, FK_MEASUREMENT_UNIT, CONSUMPTION_AMOUNT) values (12, 4, 3, 1, 5);
insert into FOOD_CONSUMPTION (ID, FK_ANIMAL, FK_FOOD, FK_MEASUREMENT_UNIT, CONSUMPTION_AMOUNT) values (13, 4, 6, 1, 12);
insert into FOOD_CONSUMPTION (ID, FK_ANIMAL, FK_FOOD, FK_MEASUREMENT_UNIT, CONSUMPTION_AMOUNT) values (14, 4, 7, 3, 1);
insert into FOOD_CONSUMPTION (ID, FK_ANIMAL, FK_FOOD, FK_MEASUREMENT_UNIT, CONSUMPTION_AMOUNT) values (15, 5, 2, 2, 7);
insert into FOOD_CONSUMPTION (ID, FK_ANIMAL, FK_FOOD, FK_MEASUREMENT_UNIT, CONSUMPTION_AMOUNT) values (16, 5, 6, 1, 4);

--insert into ANIMAL_FOOD_CONSUMPTIONS (ANIMAL_ID, FOOD_CONSUMPTIONS_ID) values (1, 1);
--insert into ANIMAL_FOOD_CONSUMPTIONS (ANIMAL_ID, FOOD_CONSUMPTIONS_ID) values (1, 2);
--insert into ANIMAL_FOOD_CONSUMPTIONS (ANIMAL_ID, FOOD_CONSUMPTIONS_ID) values (1, 3);
--insert into ANIMAL_FOOD_CONSUMPTIONS (ANIMAL_ID, FOOD_CONSUMPTIONS_ID) values (2, 4);
--insert into ANIMAL_FOOD_CONSUMPTIONS (ANIMAL_ID, FOOD_CONSUMPTIONS_ID) values (2, 5);
--insert into ANIMAL_FOOD_CONSUMPTIONS (ANIMAL_ID, FOOD_CONSUMPTIONS_ID) values (2, 6);
--insert into ANIMAL_FOOD_CONSUMPTIONS (ANIMAL_ID, FOOD_CONSUMPTIONS_ID) values (2, 7);
--insert into ANIMAL_FOOD_CONSUMPTIONS (ANIMAL_ID, FOOD_CONSUMPTIONS_ID) values (3, 8);
--insert into ANIMAL_FOOD_CONSUMPTIONS (ANIMAL_ID, FOOD_CONSUMPTIONS_ID) values (3, 9);
--insert into ANIMAL_FOOD_CONSUMPTIONS (ANIMAL_ID, FOOD_CONSUMPTIONS_ID) values (3, 10);
--insert into ANIMAL_FOOD_CONSUMPTIONS (ANIMAL_ID, FOOD_CONSUMPTIONS_ID) values (4, 11);
--insert into ANIMAL_FOOD_CONSUMPTIONS (ANIMAL_ID, FOOD_CONSUMPTIONS_ID) values (4, 12);
--insert into ANIMAL_FOOD_CONSUMPTIONS (ANIMAL_ID, FOOD_CONSUMPTIONS_ID) values (4, 13);
--insert into ANIMAL_FOOD_CONSUMPTIONS (ANIMAL_ID, FOOD_CONSUMPTIONS_ID) values (4, 14);
--insert into ANIMAL_FOOD_CONSUMPTIONS (ANIMAL_ID, FOOD_CONSUMPTIONS_ID) values (5, 15);
--insert into ANIMAL_FOOD_CONSUMPTIONS (ANIMAL_ID, FOOD_CONSUMPTIONS_ID) values (5, 16);

--insert into FOOD_FOOD_CONSUMPTIONS (FOOD_ID, FOOD_CONSUMPTIONS_ID) values (2, 1);
--insert into FOOD_FOOD_CONSUMPTIONS (FOOD_ID, FOOD_CONSUMPTIONS_ID) values (4, 2);
--insert into FOOD_FOOD_CONSUMPTIONS (FOOD_ID, FOOD_CONSUMPTIONS_ID) values (5, 3);
--insert into FOOD_FOOD_CONSUMPTIONS (FOOD_ID, FOOD_CONSUMPTIONS_ID) values (2, 4);
--insert into FOOD_FOOD_CONSUMPTIONS (FOOD_ID, FOOD_CONSUMPTIONS_ID) values (3, 5);
--insert into FOOD_FOOD_CONSUMPTIONS (FOOD_ID, FOOD_CONSUMPTIONS_ID) values (5, 6);
--insert into FOOD_FOOD_CONSUMPTIONS (FOOD_ID, FOOD_CONSUMPTIONS_ID) values (7, 7);
--insert into FOOD_FOOD_CONSUMPTIONS (FOOD_ID, FOOD_CONSUMPTIONS_ID) values (2, 8);
--insert into FOOD_FOOD_CONSUMPTIONS (FOOD_ID, FOOD_CONSUMPTIONS_ID) values (1, 9);
--insert into FOOD_FOOD_CONSUMPTIONS (FOOD_ID, FOOD_CONSUMPTIONS_ID) values (7, 10);
--insert into FOOD_FOOD_CONSUMPTIONS (FOOD_ID, FOOD_CONSUMPTIONS_ID) values (2, 11);
--insert into FOOD_FOOD_CONSUMPTIONS (FOOD_ID, FOOD_CONSUMPTIONS_ID) values (3, 12);
--insert into FOOD_FOOD_CONSUMPTIONS (FOOD_ID, FOOD_CONSUMPTIONS_ID) values (6, 13);
--insert into FOOD_FOOD_CONSUMPTIONS (FOOD_ID, FOOD_CONSUMPTIONS_ID) values (7, 14);
--insert into FOOD_FOOD_CONSUMPTIONS (FOOD_ID, FOOD_CONSUMPTIONS_ID) values (2, 15);
--insert into FOOD_FOOD_CONSUMPTIONS (FOOD_ID, FOOD_CONSUMPTIONS_ID) values (6, 16);

insert into ANIMAL_CATEGORY (ID, NAME) values (1, 'млекопитающее');
insert into ANIMAL_CATEGORY (ID, NAME) values (2, 'птица');

insert into ANIMAL_CATEGORY_ANIMALS (CATEGORIES_ID, ANIMALS_ID) values (1, 1);
insert into ANIMAL_CATEGORY_ANIMALS (CATEGORIES_ID, ANIMALS_ID) values (1, 2);
insert into ANIMAL_CATEGORY_ANIMALS (CATEGORIES_ID, ANIMALS_ID) values (1, 3);
insert into ANIMAL_CATEGORY_ANIMALS (CATEGORIES_ID, ANIMALS_ID) values (2, 4);
insert into ANIMAL_CATEGORY_ANIMALS (CATEGORIES_ID, ANIMALS_ID) values (1, 5);

insert into FOOD_CATEGORY (ID, NAME) values (1, 'жидкость');
insert into FOOD_CATEGORY (ID, NAME) values (2, 'злак');
insert into FOOD_CATEGORY (ID, NAME) values (3, 'мясо');
insert into FOOD_CATEGORY (ID, NAME) values (4, 'овощ');
insert into FOOD_CATEGORY (ID, NAME) values (5, 'фрукт');

insert into FOOD_CATEGORY_FOODS (CATEGORIES_ID, FOODS_ID) values (5, 1);
insert into FOOD_CATEGORY_FOODS (CATEGORIES_ID, FOODS_ID) values (1, 2);
insert into FOOD_CATEGORY_FOODS (CATEGORIES_ID, FOODS_ID) values (2, 3);
insert into FOOD_CATEGORY_FOODS (CATEGORIES_ID, FOODS_ID) values (4, 4);
insert into FOOD_CATEGORY_FOODS (CATEGORIES_ID, FOODS_ID) values (4, 5);
insert into FOOD_CATEGORY_FOODS (CATEGORIES_ID, FOODS_ID) values (3, 6);
insert into FOOD_CATEGORY_FOODS (CATEGORIES_ID, FOODS_ID) values (5, 7);
